State.Province,County,GEOID
US-AL,Autauga,1001
US-AL,Baldwin,1003
US-AL,Barbour,1005
US-AL,Bibb,1007
US-AL,Blount,1009
US-AL,Bullock,1011
US-AL,Butler,1013
US-AL,Calhoun,1015
US-AL,Chambers,1017
US-AL,Cherokee,1019
US-AL,Chilton,1021
US-AL,Choctaw,1023
US-AL,Clarke,1025
US-AL,Clay,1027
US-AL,Cleburne,1029
US-AL,Coffee,1031
US-AL,Colbert,1033
US-AL,Conecuh,1035
US-AL,Coosa,1037
US-AL,Covington,1039
US-AL,Crenshaw,1041
US-AL,Cullman,1043
US-AL,Dale,1045
US-AL,Dallas,1047
US-AL,DeKalb,1049
US-AL,Elmore,1051
US-AL,Escambia,1053
US-AL,Etowah,1055
US-AL,Fayette,1057
US-AL,Franklin,1059
US-AL,Geneva,1061
US-AL,Greene,1063
US-AL,Hale,1065
US-AL,Henry,1067
US-AL,Houston,1069
US-AL,Jackson,1071
US-AL,Jefferson,1073
US-AL,Lamar,1075
US-AL,Lauderdale,1077
US-AL,Lawrence,1079
US-AL,Lee,1081
US-AL,Limestone,1083
US-AL,Lowndes,1085
US-AL,Macon,1087
US-AL,Madison,1089
US-AL,Marengo,1091
US-AL,Marion,1093
US-AL,Marshall,1095
US-AL,Mobile,1097
US-AL,Monroe,1099
US-AL,Montgomery,1101
US-AL,Morgan,1103
US-AL,Perry,1105
US-AL,Pickens,1107
US-AL,Pike,1109
US-AL,Randolph,1111
US-AL,Russell,1113
US-AL,Shelby,1117
US-AL,St. Clair,1115
US-AL,Sumter,1119
US-AL,Talladega,1121
US-AL,Tallapoosa,1123
US-AL,Tuscaloosa,1125
US-AL,Walker,1127
US-AL,Washington,1129
US-AL,Wilcox,1131
US-AL,Winston,1133
US-AR,Arkansas,5001
US-AR,Ashley,5003
US-AR,Baxter,5005
US-AR,Benton,5007
US-AR,Boone,5009
US-AR,Bradley,5011
US-AR,Calhoun,5013
US-AR,Carroll,5015
US-AR,Chicot,5017
US-AR,Clark,5019
US-AR,Clay,5021
US-AR,Cleburne,5023
US-AR,Cleveland,5025
US-AR,Columbia,5027
US-AR,Conway,5029
US-AR,Craighead,5031
US-AR,Crawford,5033
US-AR,Crittenden,5035
US-AR,Cross,5037
US-AR,Dallas,5039
US-AR,Desha,5041
US-AR,Drew,5043
US-AR,Faulkner,5045
US-AR,Franklin,5047
US-AR,Fulton,5049
US-AR,Garland,5051
US-AR,Grant,5053
US-AR,Greene,5055
US-AR,Hempstead,5057
US-AR,Hot Spring,5059
US-AR,Howard,5061
US-AR,Independence,5063
US-AR,Izard,5065
US-AR,Jackson,5067
US-AR,Jefferson,5069
US-AR,Johnson,5071
US-AR,Lafayette,5073
US-AR,Lawrence,5075
US-AR,Lee,5077
US-AR,Lincoln,5079
US-AR,Little River,5081
US-AR,Logan,5083
US-AR,Lonoke,5085
US-AR,Madison,5087
US-AR,Marion,5089
US-AR,Miller,5091
US-AR,Mississippi,5093
US-AR,Monroe,5095
US-AR,Montgomery,5097
US-AR,Nevada,5099
US-AR,Newton,5101
US-AR,Ouachita,5103
US-AR,Perry,5105
US-AR,Phillips,5107
US-AR,Pike,5109
US-AR,Poinsett,5111
US-AR,Polk,5113
US-AR,Pope,5115
US-AR,Prairie,5117
US-AR,Pulaski,5119
US-AR,Randolph,5121
US-AR,Saline,5125
US-AR,Scott,5127
US-AR,Searcy,5129
US-AR,Sebastian,5131
US-AR,Sevier,5133
US-AR,Sharp,5135
US-AR,St. Francis,5123
US-AR,Stone,5137
US-AR,Union,5139
US-AR,Van Buren,5141
US-AR,Washington,5143
US-AR,White,5145
US-AR,Woodruff,5147
US-AR,Yell,5149
US-AZ,Apache,4001
US-AZ,Cochise,4003
US-AZ,Coconino,4005
US-AZ,Gila,4007
US-AZ,Graham,4009
US-AZ,Greenlee,4011
US-AZ,La Paz,4012
US-AZ,Maricopa,4013
US-AZ,Mohave,4015
US-AZ,Navajo,4017
US-AZ,Pima,4019
US-AZ,Pinal,4021
US-AZ,Santa Cruz,4023
US-AZ,Yavapai,4025
US-AZ,Yuma,4027
US-CA,Alameda,6001
US-CA,Alpine,6003
US-CA,Amador,6005
US-CA,Butte,6007
US-CA,Calaveras,6009
US-CA,Colusa,6011
US-CA,Contra Costa,6013
US-CA,Del Norte,6015
US-CA,El Dorado,6017
US-CA,Fresno,6019
US-CA,Glenn,6021
US-CA,Humboldt,6023
US-CA,Imperial,6025
US-CA,Inyo,6027
US-CA,Kern,6029
US-CA,Kings,6031
US-CA,Lake,6033
US-CA,Lassen,6035
US-CA,Los Angeles,6037
US-CA,Madera,6039
US-CA,Marin,6041
US-CA,Mariposa,6043
US-CA,Mendocino,6045
US-CA,Merced,6047
US-CA,Modoc,6049
US-CA,Mono,6051
US-CA,Monterey,6053
US-CA,Napa,6055
US-CA,Nevada,6057
US-CA,Orange,6059
US-CA,Placer,6061
US-CA,Plumas,6063
US-CA,Riverside,6065
US-CA,Sacramento,6067
US-CA,San Benito,6069
US-CA,San Bernardino,6071
US-CA,San Diego,6073
US-CA,San Francisco,6075
US-CA,San Joaquin,6077
US-CA,San Luis Obispo,6079
US-CA,San Mateo,6081
US-CA,Santa Barbara,6083
US-CA,Santa Clara,6085
US-CA,Santa Cruz,6087
US-CA,Shasta,6089
US-CA,Sierra,6091
US-CA,Siskiyou,6093
US-CA,Solano,6095
US-CA,Sonoma,6097
US-CA,Stanislaus,6099
US-CA,Sutter,6101
US-CA,Tehama,6103
US-CA,Trinity,6105
US-CA,Tulare,6107
US-CA,Tuolumne,6109
US-CA,Ventura,6111
US-CA,Yolo,6113
US-CA,Yuba,6115
US-CO,Adams,8001
US-CO,Alamosa,8003
US-CO,Arapahoe,8005
US-CO,Archuleta,8007
US-CO,Baca,8009
US-CO,Bent,8011
US-CO,Boulder,8013
US-CO,Broomfield,8014
US-CO,Chaffee,8015
US-CO,Cheyenne,8017
US-CO,Clear Creek,8019
US-CO,Conejos,8021
US-CO,Costilla,8023
US-CO,Crowley,8025
US-CO,Custer,8027
US-CO,Delta,8029
US-CO,Denver,8031
US-CO,Dolores,8033
US-CO,Douglas,8035
US-CO,Eagle,8037
US-CO,El Paso,8041
US-CO,Elbert,8039
US-CO,Fremont,8043
US-CO,Garfield,8045
US-CO,Gilpin,8047
US-CO,Grand,8049
US-CO,Gunnison,8051
US-CO,Hinsdale,8053
US-CO,Huerfano,8055
US-CO,Jackson,8057
US-CO,Jefferson,8059
US-CO,Kiowa,8061
US-CO,Kit Carson,8063
US-CO,La Plata,8067
US-CO,Lake,8065
US-CO,Larimer,8069
US-CO,Las Animas,8071
US-CO,Lincoln,8073
US-CO,Logan,8075
US-CO,Mesa,8077
US-CO,Mineral,8079
US-CO,Moffat,8081
US-CO,Montezuma,8083
US-CO,Montrose,8085
US-CO,Morgan,8087
US-CO,Otero,8089
US-CO,Ouray,8091
US-CO,Park,8093
US-CO,Phillips,8095
US-CO,Pitkin,8097
US-CO,Prowers,8099
US-CO,Pueblo,8101
US-CO,Rio Blanco,8103
US-CO,Rio Grande,8105
US-CO,Routt,8107
US-CO,Saguache,8109
US-CO,San Juan,8111
US-CO,San Miguel,8113
US-CO,Sedgwick,8115
US-CO,Summit,8117
US-CO,Teller,8119
US-CO,Washington,8121
US-CO,Weld,8123
US-CO,Yuma,8125
US-CT,Fairfield,9001
US-CT,Hartford,9003
US-CT,Litchfield,9005
US-CT,Middlesex,9007
US-CT,New Haven,9009
US-CT,New London,9011
US-CT,Tolland,9013
US-CT,Windham,9015
US-DC,District of Columbia,11001
US-DE,Kent,10001
US-DE,New Castle,10003
US-DE,Sussex,10005
US-FL,Alachua,12001
US-FL,Baker,12003
US-FL,Bay,12005
US-FL,Bradford,12007
US-FL,Brevard,12009
US-FL,Broward,12011
US-FL,Calhoun,12013
US-FL,Charlotte,12015
US-FL,Citrus,12017
US-FL,Clay,12019
US-FL,Collier,12021
US-FL,Columbia,12023
US-FL,DeSoto,12027
US-FL,Dixie,12029
US-FL,Duval,12031
US-FL,Escambia,12033
US-FL,Flagler,12035
US-FL,Franklin,12037
US-FL,Gadsden,12039
US-FL,Gilchrist,12041
US-FL,Glades,12043
US-FL,Gulf,12045
US-FL,Hamilton,12047
US-FL,Hardee,12049
US-FL,Hendry,12051
US-FL,Hernando,12053
US-FL,Highlands,12055
US-FL,Hillsborough,12057
US-FL,Holmes,12059
US-FL,Indian River,12061
US-FL,Jackson,12063
US-FL,Jefferson,12065
US-FL,Lafayette,12067
US-FL,Lake,12069
US-FL,Lee,12071
US-FL,Leon,12073
US-FL,Levy,12075
US-FL,Liberty,12077
US-FL,Madison,12079
US-FL,Manatee,12081
US-FL,Marion,12083
US-FL,Martin,12085
US-FL,Miami-Dade,12086
US-FL,Monroe,12087
US-FL,Nassau,12089
US-FL,Okaloosa,12091
US-FL,Okeechobee,12093
US-FL,Orange,12095
US-FL,Osceola,12097
US-FL,Palm Beach,12099
US-FL,Pasco,12101
US-FL,Pinellas,12103
US-FL,Polk,12105
US-FL,Putnam,12107
US-FL,Santa Rosa,12113
US-FL,Sarasota,12115
US-FL,Seminole,12117
US-FL,St. Johns,12109
US-FL,St. Lucie,12111
US-FL,Sumter,12119
US-FL,Suwannee,12121
US-FL,Taylor,12123
US-FL,Union,12125
US-FL,Volusia,12127
US-FL,Wakulla,12129
US-FL,Walton,12131
US-FL,Washington,12133
US-GA,Appling,13001
US-GA,Atkinson,13003
US-GA,Bacon,13005
US-GA,Baker,13007
US-GA,Baldwin,13009
US-GA,Banks,13011
US-GA,Barrow,13013
US-GA,Bartow,13015
US-GA,Ben Hill,13017
US-GA,Berrien,13019
US-GA,Bibb,13021
US-GA,Bleckley,13023
US-GA,Brantley,13025
US-GA,Brooks,13027
US-GA,Bryan,13029
US-GA,Bulloch,13031
US-GA,Burke,13033
US-GA,Butts,13035
US-GA,Calhoun,13037
US-GA,Camden,13039
US-GA,Candler,13043
US-GA,Carroll,13045
US-GA,Catoosa,13047
US-GA,Charlton,13049
US-GA,Chatham,13051
US-GA,Chattahoochee,13053
US-GA,Chattooga,13055
US-GA,Cherokee,13057
US-GA,Clarke,13059
US-GA,Clay,13061
US-GA,Clayton,13063
US-GA,Clinch,13065
US-GA,Cobb,13067
US-GA,Coffee,13069
US-GA,Colquitt,13071
US-GA,Columbia,13073
US-GA,Cook,13075
US-GA,Coweta,13077
US-GA,Crawford,13079
US-GA,Crisp,13081
US-GA,Dade,13083
US-GA,Dawson,13085
US-GA,Decatur,13087
US-GA,DeKalb,13089
US-GA,Dodge,13091
US-GA,Dooly,13093
US-GA,Dougherty,13095
US-GA,Douglas,13097
US-GA,Early,13099
US-GA,Echols,13101
US-GA,Effingham,13103
US-GA,Elbert,13105
US-GA,Emanuel,13107
US-GA,Evans,13109
US-GA,Fannin,13111
US-GA,Fayette,13113
US-GA,Floyd,13115
US-GA,Forsyth,13117
US-GA,Franklin,13119
US-GA,Fulton,13121
US-GA,Gilmer,13123
US-GA,Glascock,13125
US-GA,Glynn,13127
US-GA,Gordon,13129
US-GA,Grady,13131
US-GA,Greene,13133
US-GA,Gwinnett,13135
US-GA,Habersham,13137
US-GA,Hall,13139
US-GA,Hancock,13141
US-GA,Haralson,13143
US-GA,Harris,13145
US-GA,Hart,13147
US-GA,Heard,13149
US-GA,Henry,13151
US-GA,Houston,13153
US-GA,Irwin,13155
US-GA,Jackson,13157
US-GA,Jasper,13159
US-GA,Jeff Davis,13161
US-GA,Jefferson,13163
US-GA,Jenkins,13165
US-GA,Johnson,13167
US-GA,Jones,13169
US-GA,Lamar,13171
US-GA,Lanier,13173
US-GA,Laurens,13175
US-GA,Lee,13177
US-GA,Liberty,13179
US-GA,Lincoln,13181
US-GA,Long,13183
US-GA,Lowndes,13185
US-GA,Lumpkin,13187
US-GA,Macon,13193
US-GA,Madison,13195
US-GA,Marion,13197
US-GA,McDuffie,13189
US-GA,McIntosh,13191
US-GA,Meriwether,13199
US-GA,Miller,13201
US-GA,Mitchell,13205
US-GA,Monroe,13207
US-GA,Montgomery,13209
US-GA,Morgan,13211
US-GA,Murray,13213
US-GA,Muscogee,13215
US-GA,Newton,13217
US-GA,Oconee,13219
US-GA,Oglethorpe,13221
US-GA,Paulding,13223
US-GA,Peach,13225
US-GA,Pickens,13227
US-GA,Pierce,13229
US-GA,Pike,13231
US-GA,Polk,13233
US-GA,Pulaski,13235
US-GA,Putnam,13237
US-GA,Quitman,13239
US-GA,Rabun,13241
US-GA,Randolph,13243
US-GA,Richmond,13245
US-GA,Rockdale,13247
US-GA,Schley,13249
US-GA,Screven,13251
US-GA,Seminole,13253
US-GA,Spalding,13255
US-GA,Stephens,13257
US-GA,Stewart,13259
US-GA,Sumter,13261
US-GA,Talbot,13263
US-GA,Taliaferro,13265
US-GA,Tattnall,13267
US-GA,Taylor,13269
US-GA,Telfair,13271
US-GA,Terrell,13273
US-GA,Thomas,13275
US-GA,Tift,13277
US-GA,Toombs,13279
US-GA,Towns,13281
US-GA,Treutlen,13283
US-GA,Troup,13285
US-GA,Turner,13287
US-GA,Twiggs,13289
US-GA,Union,13291
US-GA,Upson,13293
US-GA,Walker,13295
US-GA,Walton,13297
US-GA,Ware,13299
US-GA,Warren,13301
US-GA,Washington,13303
US-GA,Wayne,13305
US-GA,Webster,13307
US-GA,Wheeler,13309
US-GA,White,13311
US-GA,Whitfield,13313
US-GA,Wilcox,13315
US-GA,Wilkes,13317
US-GA,Wilkinson,13319
US-GA,Worth,13321
US-IA,Adair,19001
US-IA,Adams,19003
US-IA,Allamakee,19005
US-IA,Appanoose,19007
US-IA,Audubon,19009
US-IA,Benton,19011
US-IA,Black Hawk,19013
US-IA,Boone,19015
US-IA,Bremer,19017
US-IA,Buchanan,19019
US-IA,Buena Vista,19021
US-IA,Butler,19023
US-IA,Calhoun,19025
US-IA,Carroll,19027
US-IA,Cass,19029
US-IA,Cedar,19031
US-IA,Cerro Gordo,19033
US-IA,Cherokee,19035
US-IA,Chickasaw,19037
US-IA,Clarke,19039
US-IA,Clay,19041
US-IA,Clayton,19043
US-IA,Clinton,19045
US-IA,Crawford,19047
US-IA,Dallas,19049
US-IA,Davis,19051
US-IA,Decatur,19053
US-IA,Delaware,19055
US-IA,Des Moines,19057
US-IA,Dickinson,19059
US-IA,Dubuque,19061
US-IA,Emmet,19063
US-IA,Fayette,19065
US-IA,Floyd,19067
US-IA,Franklin,19069
US-IA,Fremont,19071
US-IA,Greene,19073
US-IA,Grundy,19075
US-IA,Guthrie,19077
US-IA,Hamilton,19079
US-IA,Hancock,19081
US-IA,Hardin,19083
US-IA,Harrison,19085
US-IA,Henry,19087
US-IA,Howard,19089
US-IA,Humboldt,19091
US-IA,Ida,19093
US-IA,Iowa,19095
US-IA,Jackson,19097
US-IA,Jasper,19099
US-IA,Jefferson,19101
US-IA,Johnson,19103
US-IA,Jones,19105
US-IA,Keokuk,19107
US-IA,Kossuth,19109
US-IA,Lee,19111
US-IA,Linn,19113
US-IA,Louisa,19115
US-IA,Lucas,19117
US-IA,Lyon,19119
US-IA,Madison,19121
US-IA,Mahaska,19123
US-IA,Marion,19125
US-IA,Marshall,19127
US-IA,Mills,19129
US-IA,Mitchell,19131
US-IA,Monona,19133
US-IA,Monroe,19135
US-IA,Montgomery,19137
US-IA,Muscatine,19139
US-IA,O'Brien,19141
US-IA,Osceola,19143
US-IA,Page,19145
US-IA,Palo Alto,19147
US-IA,Plymouth,19149
US-IA,Pocahontas,19151
US-IA,Polk,19153
US-IA,Pottawattamie,19155
US-IA,Poweshiek,19157
US-IA,Ringgold,19159
US-IA,Sac,19161
US-IA,Scott,19163
US-IA,Shelby,19165
US-IA,Sioux,19167
US-IA,Story,19169
US-IA,Tama,19171
US-IA,Taylor,19173
US-IA,Union,19175
US-IA,Van Buren,19177
US-IA,Wapello,19179
US-IA,Warren,19181
US-IA,Washington,19183
US-IA,Wayne,19185
US-IA,Webster,19187
US-IA,Winnebago,19189
US-IA,Winneshiek,19191
US-IA,Woodbury,19193
US-IA,Worth,19195
US-IA,Wright,19197
US-ID,Ada,16001
US-ID,Adams,16003
US-ID,Bannock,16005
US-ID,Bear Lake,16007
US-ID,Benewah,16009
US-ID,Bingham,16011
US-ID,Blaine,16013
US-ID,Boise,16015
US-ID,Bonner,16017
US-ID,Bonneville,16019
US-ID,Boundary,16021
US-ID,Butte,16023
US-ID,Camas,16025
US-ID,Canyon,16027
US-ID,Caribou,16029
US-ID,Cassia,16031
US-ID,Clark,16033
US-ID,Clearwater,16035
US-ID,Custer,16037
US-ID,Elmore,16039
US-ID,Franklin,16041
US-ID,Fremont,16043
US-ID,Gem,16045
US-ID,Gooding,16047
US-ID,Idaho,16049
US-ID,Jefferson,16051
US-ID,Jerome,16053
US-ID,Kootenai,16055
US-ID,Latah,16057
US-ID,Lemhi,16059
US-ID,Lewis,16061
US-ID,Lincoln,16063
US-ID,Madison,16065
US-ID,Minidoka,16067
US-ID,Nez Perce,16069
US-ID,Oneida,16071
US-ID,Owyhee,16073
US-ID,Payette,16075
US-ID,Power,16077
US-ID,Shoshone,16079
US-ID,Teton,16081
US-ID,Twin Falls,16083
US-ID,Valley,16085
US-ID,Washington,16087
US-IL,Adams,17001
US-IL,Alexander,17003
US-IL,Bond,17005
US-IL,Boone,17007
US-IL,Brown,17009
US-IL,Bureau,17011
US-IL,Calhoun,17013
US-IL,Carroll,17015
US-IL,Cass,17017
US-IL,Champaign,17019
US-IL,Christian,17021
US-IL,Clark,17023
US-IL,Clay,17025
US-IL,Clinton,17027
US-IL,Coles,17029
US-IL,Cook,17031
US-IL,Crawford,17033
US-IL,Cumberland,17035
US-IL,De Witt,17039
US-IL,DeKalb,17037
US-IL,Douglas,17041
US-IL,DuPage,17043
US-IL,Edgar,17045
US-IL,Edwards,17047
US-IL,Effingham,17049
US-IL,Fayette,17051
US-IL,Ford,17053
US-IL,Franklin,17055
US-IL,Fulton,17057
US-IL,Gallatin,17059
US-IL,Greene,17061
US-IL,Grundy,17063
US-IL,Hamilton,17065
US-IL,Hancock,17067
US-IL,Hardin,17069
US-IL,Henderson,17071
US-IL,Henry,17073
US-IL,Iroquois,17075
US-IL,Jackson,17077
US-IL,Jasper,17079
US-IL,Jefferson,17081
US-IL,Jersey,17083
US-IL,Jo Daviess,17085
US-IL,Johnson,17087
US-IL,Kane,17089
US-IL,Kankakee,17091
US-IL,Kendall,17093
US-IL,Knox,17095
US-IL,Lake,17097
US-IL,LaSalle,17099
US-IL,Lawrence,17101
US-IL,Lee,17103
US-IL,Livingston,17105
US-IL,Logan,17107
US-IL,Macon,17115
US-IL,Macoupin,17117
US-IL,Madison,17119
US-IL,Marion,17121
US-IL,Marshall,17123
US-IL,Mason,17125
US-IL,Massac,17127
US-IL,McDonough,17109
US-IL,McHenry,17111
US-IL,McLean,17113
US-IL,Menard,17129
US-IL,Mercer,17131
US-IL,Monroe,17133
US-IL,Montgomery,17135
US-IL,Morgan,17137
US-IL,Moultrie,17139
US-IL,Ogle,17141
US-IL,Peoria,17143
US-IL,Perry,17145
US-IL,Piatt,17147
US-IL,Pike,17149
US-IL,Pope,17151
US-IL,Pulaski,17153
US-IL,Putnam,17155
US-IL,Randolph,17157
US-IL,Richland,17159
US-IL,Rock Island,17161
US-IL,Saline,17165
US-IL,Sangamon,17167
US-IL,Schuyler,17169
US-IL,Scott,17171
US-IL,Shelby,17173
US-IL,St. Clair,17163
US-IL,Stark,17175
US-IL,Stephenson,17177
US-IL,Tazewell,17179
US-IL,Union,17181
US-IL,Vermilion,17183
US-IL,Wabash,17185
US-IL,Warren,17187
US-IL,Washington,17189
US-IL,Wayne,17191
US-IL,White,17193
US-IL,Whiteside,17195
US-IL,Will,17197
US-IL,Williamson,17199
US-IL,Winnebago,17201
US-IL,Woodford,17203
US-IN,Adams,18001
US-IN,Allen,18003
US-IN,Bartholomew,18005
US-IN,Benton,18007
US-IN,Blackford,18009
US-IN,Boone,18011
US-IN,Brown,18013
US-IN,Carroll,18015
US-IN,Cass,18017
US-IN,Clark,18019
US-IN,Clay,18021
US-IN,Clinton,18023
US-IN,Crawford,18025
US-IN,Daviess,18027
US-IN,Dearborn,18029
US-IN,Decatur,18031
US-IN,DeKalb,18033
US-IN,Delaware,18035
US-IN,Dubois,18037
US-IN,Elkhart,18039
US-IN,Fayette,18041
US-IN,Floyd,18043
US-IN,Fountain,18045
US-IN,Franklin,18047
US-IN,Fulton,18049
US-IN,Gibson,18051
US-IN,Grant,18053
US-IN,Greene,18055
US-IN,Hamilton,18057
US-IN,Hancock,18059
US-IN,Harrison,18061
US-IN,Hendricks,18063
US-IN,Henry,18065
US-IN,Howard,18067
US-IN,Huntington,18069
US-IN,Jackson,18071
US-IN,Jasper,18073
US-IN,Jay,18075
US-IN,Jefferson,18077
US-IN,Jennings,18079
US-IN,Johnson,18081
US-IN,Knox,18083
US-IN,Kosciusko,18085
US-IN,LaGrange,18087
US-IN,Lake,18089
US-IN,LaPorte,18091
US-IN,Lawrence,18093
US-IN,Madison,18095
US-IN,Marion,18097
US-IN,Marshall,18099
US-IN,Martin,18101
US-IN,Miami,18103
US-IN,Monroe,18105
US-IN,Montgomery,18107
US-IN,Morgan,18109
US-IN,Newton,18111
US-IN,Noble,18113
US-IN,Ohio,18115
US-IN,Orange,18117
US-IN,Owen,18119
US-IN,Parke,18121
US-IN,Perry,18123
US-IN,Pike,18125
US-IN,Porter,18127
US-IN,Posey,18129
US-IN,Pulaski,18131
US-IN,Putnam,18133
US-IN,Randolph,18135
US-IN,Ripley,18137
US-IN,Rush,18139
US-IN,Scott,18143
US-IN,Shelby,18145
US-IN,Spencer,18147
US-IN,St. Joseph,18141
US-IN,Starke,18149
US-IN,Steuben,18151
US-IN,Sullivan,18153
US-IN,Switzerland,18155
US-IN,Tippecanoe,18157
US-IN,Tipton,18159
US-IN,Union,18161
US-IN,Vanderburgh,18163
US-IN,Vermillion,18165
US-IN,Vigo,18167
US-IN,Wabash,18169
US-IN,Warren,18171
US-IN,Warrick,18173
US-IN,Washington,18175
US-IN,Wayne,18177
US-IN,Wells,18179
US-IN,White,18181
US-IN,Whitley,18183
US-KS,Allen,20001
US-KS,Anderson,20003
US-KS,Atchison,20005
US-KS,Barber,20007
US-KS,Barton,20009
US-KS,Bourbon,20011
US-KS,Brown,20013
US-KS,Butler,20015
US-KS,Chase,20017
US-KS,Chautauqua,20019
US-KS,Cherokee,20021
US-KS,Cheyenne,20023
US-KS,Clark,20025
US-KS,Clay,20027
US-KS,Cloud,20029
US-KS,Coffey,20031
US-KS,Comanche,20033
US-KS,Cowley,20035
US-KS,Crawford,20037
US-KS,Decatur,20039
US-KS,Dickinson,20041
US-KS,Doniphan,20043
US-KS,Douglas,20045
US-KS,Edwards,20047
US-KS,Elk,20049
US-KS,Ellis,20051
US-KS,Ellsworth,20053
US-KS,Finney,20055
US-KS,Ford,20057
US-KS,Franklin,20059
US-KS,Geary,20061
US-KS,Gove,20063
US-KS,Graham,20065
US-KS,Grant,20067
US-KS,Gray,20069
US-KS,Greeley,20071
US-KS,Greenwood,20073
US-KS,Hamilton,20075
US-KS,Harper,20077
US-KS,Harvey,20079
US-KS,Haskell,20081
US-KS,Hodgeman,20083
US-KS,Jackson,20085
US-KS,Jefferson,20087
US-KS,Jewell,20089
US-KS,Johnson,20091
US-KS,Kearny,20093
US-KS,Kingman,20095
US-KS,Kiowa,20097
US-KS,Labette,20099
US-KS,Lane,20101
US-KS,Leavenworth,20103
US-KS,Lincoln,20105
US-KS,Linn,20107
US-KS,Logan,20109
US-KS,Lyon,20111
US-KS,Marion,20115
US-KS,Marshall,20117
US-KS,McPherson,20113
US-KS,Meade,20119
US-KS,Miami,20121
US-KS,Mitchell,20123
US-KS,Montgomery,20125
US-KS,Morris,20127
US-KS,Morton,20129
US-KS,Nemaha,20131
US-KS,Neosho,20133
US-KS,Ness,20135
US-KS,Norton,20137
US-KS,Osage,20139
US-KS,Osborne,20141
US-KS,Ottawa,20143
US-KS,Pawnee,20145
US-KS,Phillips,20147
US-KS,Pottawatomie,20149
US-KS,Pratt,20151
US-KS,Rawlins,20153
US-KS,Reno,20155
US-KS,Republic,20157
US-KS,Rice,20159
US-KS,Riley,20161
US-KS,Rooks,20163
US-KS,Rush,20165
US-KS,Russell,20167
US-KS,Saline,20169
US-KS,Scott,20171
US-KS,Sedgwick,20173
US-KS,Seward,20175
US-KS,Shawnee,20177
US-KS,Sheridan,20179
US-KS,Sherman,20181
US-KS,Smith,20183
US-KS,Stafford,20185
US-KS,Stanton,20187
US-KS,Stevens,20189
US-KS,Sumner,20191
US-KS,Thomas,20193
US-KS,Trego,20195
US-KS,Wabaunsee,20197
US-KS,Wallace,20199
US-KS,Washington,20201
US-KS,Wichita,20203
US-KS,Wilson,20205
US-KS,Woodson,20207
US-KS,Wyandotte,20209
US-KY,Adair,21001
US-KY,Allen,21003
US-KY,Anderson,21005
US-KY,Ballard,21007
US-KY,Barren,21009
US-KY,Bath,21011
US-KY,Bell,21013
US-KY,Boone,21015
US-KY,Bourbon,21017
US-KY,Boyd,21019
US-KY,Boyle,21021
US-KY,Bracken,21023
US-KY,Breathitt,21025
US-KY,Breckinridge,21027
US-KY,Bullitt,21029
US-KY,Butler,21031
US-KY,Caldwell,21033
US-KY,Calloway,21035
US-KY,Campbell,21037
US-KY,Carlisle,21039
US-KY,Carroll,21041
US-KY,Carter,21043
US-KY,Casey,21045
US-KY,Christian,21047
US-KY,Clark,21049
US-KY,Clay,21051
US-KY,Clinton,21053
US-KY,Crittenden,21055
US-KY,Cumberland,21057
US-KY,Daviess,21059
US-KY,Edmonson,21061
US-KY,Elliott,21063
US-KY,Estill,21065
US-KY,Fayette,21067
US-KY,Fleming,21069
US-KY,Floyd,21071
US-KY,Franklin,21073
US-KY,Fulton,21075
US-KY,Gallatin,21077
US-KY,Garrard,21079
US-KY,Grant,21081
US-KY,Graves,21083
US-KY,Grayson,21085
US-KY,Green,21087
US-KY,Greenup,21089
US-KY,Hancock,21091
US-KY,Hardin,21093
US-KY,Harlan,21095
US-KY,Harrison,21097
US-KY,Hart,21099
US-KY,Henderson,21101
US-KY,Henry,21103
US-KY,Hickman,21105
US-KY,Hopkins,21107
US-KY,Jackson,21109
US-KY,Jefferson,21111
US-KY,Jessamine,21113
US-KY,Johnson,21115
US-KY,Kenton,21117
US-KY,Knott,21119
US-KY,Knox,21121
US-KY,Larue,21123
US-KY,Laurel,21125
US-KY,Lawrence,21127
US-KY,Lee,21129
US-KY,Leslie,21131
US-KY,Letcher,21133
US-KY,Lewis,21135
US-KY,Lincoln,21137
US-KY,Livingston,21139
US-KY,Logan,21141
US-KY,Lyon,21143
US-KY,Madison,21151
US-KY,Magoffin,21153
US-KY,Marion,21155
US-KY,Marshall,21157
US-KY,Martin,21159
US-KY,Mason,21161
US-KY,McCracken,21145
US-KY,McCreary,21147
US-KY,McLean,21149
US-KY,Meade,21163
US-KY,Menifee,21165
US-KY,Mercer,21167
US-KY,Metcalfe,21169
US-KY,Monroe,21171
US-KY,Montgomery,21173
US-KY,Morgan,21175
US-KY,Muhlenberg,21177
US-KY,Nelson,21179
US-KY,Nicholas,21181
US-KY,Ohio,21183
US-KY,Oldham,21185
US-KY,Owen,21187
US-KY,Owsley,21189
US-KY,Pendleton,21191
US-KY,Perry,21193
US-KY,Pike,21195
US-KY,Powell,21197
US-KY,Pulaski,21199
US-KY,Robertson,21201
US-KY,Rockcastle,21203
US-KY,Rowan,21205
US-KY,Russell,21207
US-KY,Scott,21209
US-KY,Shelby,21211
US-KY,Simpson,21213
US-KY,Spencer,21215
US-KY,Taylor,21217
US-KY,Todd,21219
US-KY,Trigg,21221
US-KY,Trimble,21223
US-KY,Union,21225
US-KY,Warren,21227
US-KY,Washington,21229
US-KY,Wayne,21231
US-KY,Webster,21233
US-KY,Whitley,21235
US-KY,Wolfe,21237
US-KY,Woodford,21239
US-LA,Acadia,22001
US-LA,Allen,22003
US-LA,Ascension,22005
US-LA,Assumption,22007
US-LA,Avoyelles,22009
US-LA,Beauregard,22011
US-LA,Bienville,22013
US-LA,Bossier,22015
US-LA,Caddo,22017
US-LA,Calcasieu,22019
US-LA,Caldwell,22021
US-LA,Cameron,22023
US-LA,Catahoula,22025
US-LA,Claiborne,22027
US-LA,Concordia,22029
US-LA,De Soto,22031
US-LA,East Baton Rouge,22033
US-LA,East Carroll,22035
US-LA,East Feliciana,22037
US-LA,Evangeline,22039
US-LA,Franklin,22041
US-LA,Grant,22043
US-LA,Iberia,22045
US-LA,Iberville,22047
US-LA,Jackson,22049
US-LA,Jefferson,22051
US-LA,Jefferson Davis,22053
US-LA,Lafayette,22055
US-LA,Lafourche,22057
US-LA,LaSalle,22059
US-LA,Lincoln,22061
US-LA,Livingston,22063
US-LA,Madison,22065
US-LA,Morehouse,22067
US-LA,Natchitoches,22069
US-LA,Orleans,22071
US-LA,Ouachita,22073
US-LA,Plaquemines,22075
US-LA,Pointe Coupee,22077
US-LA,Rapides,22079
US-LA,Red River,22081
US-LA,Richland,22083
US-LA,Sabine,22085
US-LA,St. Bernard,22087
US-LA,St. Charles,22089
US-LA,St. Helena,22091
US-LA,St. James,22093
US-LA,St. John the Baptist,22095
US-LA,St. Landry,22097
US-LA,St. Martin,22099
US-LA,St. Mary,22101
US-LA,St. Tammany,22103
US-LA,Tangipahoa,22105
US-LA,Tensas,22107
US-LA,Terrebonne,22109
US-LA,Union,22111
US-LA,Vermilion,22113
US-LA,Vernon,22115
US-LA,Washington,22117
US-LA,Webster,22119
US-LA,West Baton Rouge,22121
US-LA,West Carroll,22123
US-LA,West Feliciana,22125
US-LA,Winn,22127
US-MA,Barnstable,25001
US-MA,Berkshire,25003
US-MA,Bristol,25005
US-MA,Dukes,25007
US-MA,Essex,25009
US-MA,Franklin,25011
US-MA,Hampden,25013
US-MA,Hampshire,25015
US-MA,Middlesex,25017
US-MA,Nantucket,25019
US-MA,Norfolk,25021
US-MA,Plymouth,25023
US-MA,Suffolk,25025
US-MA,Worcester,25027
US-MD,Allegany,24001
US-MD,Anne Arundel,24003
US-MD,Baltimore,24005
US-MD,Baltimore,24510
US-MD,Calvert,24009
US-MD,Caroline,24011
US-MD,Carroll,24013
US-MD,Cecil,24015
US-MD,Charles,24017
US-MD,Dorchester,24019
US-MD,Frederick,24021
US-MD,Garrett,24023
US-MD,Harford,24025
US-MD,Howard,24027
US-MD,Kent,24029
US-MD,Montgomery,24031
US-MD,Prince George's,24033
US-MD,Queen Anne's,24035
US-MD,Somerset,24039
US-MD,St. Mary's,24037
US-MD,Talbot,24041
US-MD,Washington,24043
US-MD,Wicomico,24045
US-MD,Worcester,24047
US-ME,Androscoggin,23001
US-ME,Aroostook,23003
US-ME,Cumberland,23005
US-ME,Franklin,23007
US-ME,Hancock,23009
US-ME,Kennebec,23011
US-ME,Knox,23013
US-ME,Lincoln,23015
US-ME,Oxford,23017
US-ME,Penobscot,23019
US-ME,Piscataquis,23021
US-ME,Sagadahoc,23023
US-ME,Somerset,23025
US-ME,Waldo,23027
US-ME,Washington,23029
US-ME,York,23031
US-MI,Alcona,26001
US-MI,Alger,26003
US-MI,Allegan,26005
US-MI,Alpena,26007
US-MI,Antrim,26009
US-MI,Arenac,26011
US-MI,Baraga,26013
US-MI,Barry,26015
US-MI,Bay,26017
US-MI,Benzie,26019
US-MI,Berrien,26021
US-MI,Branch,26023
US-MI,Calhoun,26025
US-MI,Cass,26027
US-MI,Charlevoix,26029
US-MI,Cheboygan,26031
US-MI,Chippewa,26033
US-MI,Clare,26035
US-MI,Clinton,26037
US-MI,Crawford,26039
US-MI,Delta,26041
US-MI,Dickinson,26043
US-MI,Eaton,26045
US-MI,Emmet,26047
US-MI,Genesee,26049
US-MI,Gladwin,26051
US-MI,Gogebic,26053
US-MI,Grand Traverse,26055
US-MI,Gratiot,26057
US-MI,Hillsdale,26059
US-MI,Houghton,26061
US-MI,Huron,26063
US-MI,Ingham,26065
US-MI,Ionia,26067
US-MI,Iosco,26069
US-MI,Iron,26071
US-MI,Isabella,26073
US-MI,Jackson,26075
US-MI,Kalamazoo,26077
US-MI,Kalkaska,26079
US-MI,Kent,26081
US-MI,Keweenaw,26083
US-MI,Lake,26085
US-MI,Lapeer,26087
US-MI,Leelanau,26089
US-MI,Lenawee,26091
US-MI,Livingston,26093
US-MI,Luce,26095
US-MI,Mackinac,26097
US-MI,Macomb,26099
US-MI,Manistee,26101
US-MI,Marquette,26103
US-MI,Mason,26105
US-MI,Mecosta,26107
US-MI,Menominee,26109
US-MI,Midland,26111
US-MI,Missaukee,26113
US-MI,Monroe,26115
US-MI,Montcalm,26117
US-MI,Montmorency,26119
US-MI,Muskegon,26121
US-MI,Newaygo,26123
US-MI,Oakland,26125
US-MI,Oceana,26127
US-MI,Ogemaw,26129
US-MI,Ontonagon,26131
US-MI,Osceola,26133
US-MI,Oscoda,26135
US-MI,Otsego,26137
US-MI,Ottawa,26139
US-MI,Presque Isle,26141
US-MI,Roscommon,26143
US-MI,Saginaw,26145
US-MI,Sanilac,26151
US-MI,Schoolcraft,26153
US-MI,Shiawassee,26155
US-MI,St. Clair,26147
US-MI,St. Joseph,26149
US-MI,Tuscola,26157
US-MI,Van Buren,26159
US-MI,Washtenaw,26161
US-MI,Wayne,26163
US-MI,Wexford,26165
US-MN,Aitkin,27001
US-MN,Anoka,27003
US-MN,Becker,27005
US-MN,Beltrami,27007
US-MN,Benton,27009
US-MN,Big Stone,27011
US-MN,Blue Earth,27013
US-MN,Brown,27015
US-MN,Carlton,27017
US-MN,Carver,27019
US-MN,Cass,27021
US-MN,Chippewa,27023
US-MN,Chisago,27025
US-MN,Clay,27027
US-MN,Clearwater,27029
US-MN,Cook,27031
US-MN,Cottonwood,27033
US-MN,Crow Wing,27035
US-MN,Dakota,27037
US-MN,Dodge,27039
US-MN,Douglas,27041
US-MN,Faribault,27043
US-MN,Fillmore,27045
US-MN,Freeborn,27047
US-MN,Goodhue,27049
US-MN,Grant,27051
US-MN,Hennepin,27053
US-MN,Houston,27055
US-MN,Hubbard,27057
US-MN,Isanti,27059
US-MN,Itasca,27061
US-MN,Jackson,27063
US-MN,Kanabec,27065
US-MN,Kandiyohi,27067
US-MN,Kittson,27069
US-MN,Koochiching,27071
US-MN,Lac qui Parle,27073
US-MN,Lake,27075
US-MN,Lake of the Woods,27077
US-MN,Le Sueur,27079
US-MN,Lincoln,27081
US-MN,Lyon,27083
US-MN,Mahnomen,27087
US-MN,Marshall,27089
US-MN,Martin,27091
US-MN,McLeod,27085
US-MN,Meeker,27093
US-MN,Mille Lacs,27095
US-MN,Morrison,27097
US-MN,Mower,27099
US-MN,Murray,27101
US-MN,Nicollet,27103
US-MN,Nobles,27105
US-MN,Norman,27107
US-MN,Olmsted,27109
US-MN,Otter Tail,27111
US-MN,Pennington,27113
US-MN,Pine,27115
US-MN,Pipestone,27117
US-MN,Polk,27119
US-MN,Pope,27121
US-MN,Ramsey,27123
US-MN,Red Lake,27125
US-MN,Redwood,27127
US-MN,Renville,27129
US-MN,Rice,27131
US-MN,Rock,27133
US-MN,Roseau,27135
US-MN,Scott,27139
US-MN,Sherburne,27141
US-MN,Sibley,27143
US-MN,St. Louis,27137
US-MN,Stearns,27145
US-MN,Steele,27147
US-MN,Stevens,27149
US-MN,Swift,27151
US-MN,Todd,27153
US-MN,Traverse,27155
US-MN,Wabasha,27157
US-MN,Wadena,27159
US-MN,Waseca,27161
US-MN,Washington,27163
US-MN,Watonwan,27165
US-MN,Wilkin,27167
US-MN,Winona,27169
US-MN,Wright,27171
US-MN,Yellow Medicine,27173
US-MO,Adair,29001
US-MO,Andrew,29003
US-MO,Atchison,29005
US-MO,Audrain,29007
US-MO,Barry,29009
US-MO,Barton,29011
US-MO,Bates,29013
US-MO,Benton,29015
US-MO,Bollinger,29017
US-MO,Boone,29019
US-MO,Buchanan,29021
US-MO,Butler,29023
US-MO,Caldwell,29025
US-MO,Callaway,29027
US-MO,Camden,29029
US-MO,Cape Girardeau,29031
US-MO,Carroll,29033
US-MO,Carter,29035
US-MO,Cass,29037
US-MO,Cedar,29039
US-MO,Chariton,29041
US-MO,Christian,29043
US-MO,Clark,29045
US-MO,Clay,29047
US-MO,Clinton,29049
US-MO,Cole,29051
US-MO,Cooper,29053
US-MO,Crawford,29055
US-MO,Dade,29057
US-MO,Dallas,29059
US-MO,Daviess,29061
US-MO,DeKalb,29063
US-MO,Dent,29065
US-MO,Douglas,29067
US-MO,Dunklin,29069
US-MO,Franklin,29071
US-MO,Gasconade,29073
US-MO,Gentry,29075
US-MO,Greene,29077
US-MO,Grundy,29079
US-MO,Harrison,29081
US-MO,Henry,29083
US-MO,Hickory,29085
US-MO,Holt,29087
US-MO,Howard,29089
US-MO,Howell,29091
US-MO,Iron,29093
US-MO,Jackson,29095
US-MO,Jasper,29097
US-MO,Jefferson,29099
US-MO,Johnson,29101
US-MO,Knox,29103
US-MO,Laclede,29105
US-MO,Lafayette,29107
US-MO,Lawrence,29109
US-MO,Lewis,29111
US-MO,Lincoln,29113
US-MO,Linn,29115
US-MO,Livingston,29117
US-MO,Macon,29121
US-MO,Madison,29123
US-MO,Maries,29125
US-MO,Marion,29127
US-MO,McDonald,29119
US-MO,Mercer,29129
US-MO,Miller,29131
US-MO,Mississippi,29133
US-MO,Moniteau,29135
US-MO,Monroe,29137
US-MO,Montgomery,29139
US-MO,Morgan,29141
US-MO,New Madrid,29143
US-MO,Newton,29145
US-MO,Nodaway,29147
US-MO,Oregon,29149
US-MO,Osage,29151
US-MO,Ozark,29153
US-MO,Pemiscot,29155
US-MO,Perry,29157
US-MO,Pettis,29159
US-MO,Phelps,29161
US-MO,Pike,29163
US-MO,Platte,29165
US-MO,Polk,29167
US-MO,Pulaski,29169
US-MO,Putnam,29171
US-MO,Ralls,29173
US-MO,Randolph,29175
US-MO,Ray,29177
US-MO,Reynolds,29179
US-MO,Ripley,29181
US-MO,Saline,29195
US-MO,Schuyler,29197
US-MO,Scotland,29199
US-MO,Scott,29201
US-MO,Shannon,29203
US-MO,Shelby,29205
US-MO,St. Charles,29183
US-MO,St. Clair,29185
US-MO,St. Francois,29187
US-MO,St. Louis,29189
US-MO,St. Louis,29510
US-MO,Ste. Genevieve,29186
US-MO,Stoddard,29207
US-MO,Stone,29209
US-MO,Sullivan,29211
US-MO,Taney,29213
US-MO,Texas,29215
US-MO,Vernon,29217
US-MO,Warren,29219
US-MO,Washington,29221
US-MO,Wayne,29223
US-MO,Webster,29225
US-MO,Worth,29227
US-MO,Wright,29229
US-MS,Adams,28001
US-MS,Alcorn,28003
US-MS,Amite,28005
US-MS,Attala,28007
US-MS,Benton,28009
US-MS,Bolivar,28011
US-MS,Calhoun,28013
US-MS,Carroll,28015
US-MS,Chickasaw,28017
US-MS,Choctaw,28019
US-MS,Claiborne,28021
US-MS,Clarke,28023
US-MS,Clay,28025
US-MS,Coahoma,28027
US-MS,Copiah,28029
US-MS,Covington,28031
US-MS,DeSoto,28033
US-MS,Forrest,28035
US-MS,Franklin,28037
US-MS,George,28039
US-MS,Greene,28041
US-MS,Grenada,28043
US-MS,Hancock,28045
US-MS,Harrison,28047
US-MS,Hinds,28049
US-MS,Holmes,28051
US-MS,Humphreys,28053
US-MS,Issaquena,28055
US-MS,Itawamba,28057
US-MS,Jackson,28059
US-MS,Jasper,28061
US-MS,Jefferson,28063
US-MS,Jefferson Davis,28065
US-MS,Jones,28067
US-MS,Kemper,28069
US-MS,Lafayette,28071
US-MS,Lamar,28073
US-MS,Lauderdale,28075
US-MS,Lawrence,28077
US-MS,Leake,28079
US-MS,Lee,28081
US-MS,Leflore,28083
US-MS,Lincoln,28085
US-MS,Lowndes,28087
US-MS,Madison,28089
US-MS,Marion,28091
US-MS,Marshall,28093
US-MS,Monroe,28095
US-MS,Montgomery,28097
US-MS,Neshoba,28099
US-MS,Newton,28101
US-MS,Noxubee,28103
US-MS,Oktibbeha,28105
US-MS,Panola,28107
US-MS,Pearl River,28109
US-MS,Perry,28111
US-MS,Pike,28113
US-MS,Pontotoc,28115
US-MS,Prentiss,28117
US-MS,Quitman,28119
US-MS,Rankin,28121
US-MS,Scott,28123
US-MS,Sharkey,28125
US-MS,Simpson,28127
US-MS,Smith,28129
US-MS,Stone,28131
US-MS,Sunflower,28133
US-MS,Tallahatchie,28135
US-MS,Tate,28137
US-MS,Tippah,28139
US-MS,Tishomingo,28141
US-MS,Tunica,28143
US-MS,Union,28145
US-MS,Walthall,28147
US-MS,Warren,28149
US-MS,Washington,28151
US-MS,Wayne,28153
US-MS,Webster,28155
US-MS,Wilkinson,28157
US-MS,Winston,28159
US-MS,Yalobusha,28161
US-MS,Yazoo,28163
US-MT,Beaverhead,30001
US-MT,Big Horn,30003
US-MT,Blaine,30005
US-MT,Broadwater,30007
US-MT,Carbon,30009
US-MT,Carter,30011
US-MT,Cascade,30013
US-MT,Chouteau,30015
US-MT,Custer,30017
US-MT,Daniels,30019
US-MT,Dawson,30021
US-MT,Deer Lodge,30023
US-MT,Fallon,30025
US-MT,Fergus,30027
US-MT,Flathead,30029
US-MT,Gallatin,30031
US-MT,Garfield,30033
US-MT,Glacier,30035
US-MT,Golden Valley,30037
US-MT,Granite,30039
US-MT,Hill,30041
US-MT,Jefferson,30043
US-MT,Judith Basin,30045
US-MT,Lake,30047
US-MT,Lewis and Clark,30049
US-MT,Liberty,30051
US-MT,Lincoln,30053
US-MT,Madison,30057
US-MT,McCone,30055
US-MT,Meagher,30059
US-MT,Mineral,30061
US-MT,Missoula,30063
US-MT,Musselshell,30065
US-MT,Park,30067
US-MT,Petroleum,30069
US-MT,Phillips,30071
US-MT,Pondera,30073
US-MT,Powder River,30075
US-MT,Powell,30077
US-MT,Prairie,30079
US-MT,Ravalli,30081
US-MT,Richland,30083
US-MT,Roosevelt,30085
US-MT,Rosebud,30087
US-MT,Sanders,30089
US-MT,Sheridan,30091
US-MT,Silver Bow,30093
US-MT,Stillwater,30095
US-MT,Sweet Grass,30097
US-MT,Teton,30099
US-MT,Toole,30101
US-MT,Treasure,30103
US-MT,Valley,30105
US-MT,Wheatland,30107
US-MT,Wibaux,30109
US-MT,Yellowstone,30111
US-NC,Alamance,37001
US-NC,Alexander,37003
US-NC,Alleghany,37005
US-NC,Anson,37007
US-NC,Ashe,37009
US-NC,Avery,37011
US-NC,Beaufort,37013
US-NC,Bertie,37015
US-NC,Bladen,37017
US-NC,Brunswick,37019
US-NC,Buncombe,37021
US-NC,Burke,37023
US-NC,Cabarrus,37025
US-NC,Caldwell,37027
US-NC,Camden,37029
US-NC,Carteret,37031
US-NC,Caswell,37033
US-NC,Catawba,37035
US-NC,Chatham,37037
US-NC,Cherokee,37039
US-NC,Chowan,37041
US-NC,Clay,37043
US-NC,Cleveland,37045
US-NC,Columbus,37047
US-NC,Craven,37049
US-NC,Cumberland,37051
US-NC,Currituck,37053
US-NC,Dare,37055
US-NC,Davidson,37057
US-NC,Davie,37059
US-NC,Duplin,37061
US-NC,Durham,37063
US-NC,Edgecombe,37065
US-NC,Forsyth,37067
US-NC,Franklin,37069
US-NC,Gaston,37071
US-NC,Gates,37073
US-NC,Graham,37075
US-NC,Granville,37077
US-NC,Greene,37079
US-NC,Guilford,37081
US-NC,Halifax,37083
US-NC,Harnett,37085
US-NC,Haywood,37087
US-NC,Henderson,37089
US-NC,Hertford,37091
US-NC,Hoke,37093
US-NC,Hyde,37095
US-NC,Iredell,37097
US-NC,Jackson,37099
US-NC,Johnston,37101
US-NC,Jones,37103
US-NC,Lee,37105
US-NC,Lenoir,37107
US-NC,Lincoln,37109
US-NC,Macon,37113
US-NC,Madison,37115
US-NC,Martin,37117
US-NC,McDowell,37111
US-NC,Mecklenburg,37119
US-NC,Mitchell,37121
US-NC,Montgomery,37123
US-NC,Moore,37125
US-NC,Nash,37127
US-NC,New Hanover,37129
US-NC,Northampton,37131
US-NC,Onslow,37133
US-NC,Orange,37135
US-NC,Pamlico,37137
US-NC,Pasquotank,37139
US-NC,Pender,37141
US-NC,Perquimans,37143
US-NC,Person,37145
US-NC,Pitt,37147
US-NC,Polk,37149
US-NC,Randolph,37151
US-NC,Richmond,37153
US-NC,Robeson,37155
US-NC,Rockingham,37157
US-NC,Rowan,37159
US-NC,Rutherford,37161
US-NC,Sampson,37163
US-NC,Scotland,37165
US-NC,Stanly,37167
US-NC,Stokes,37169
US-NC,Surry,37171
US-NC,Swain,37173
US-NC,Transylvania,37175
US-NC,Tyrrell,37177
US-NC,Union,37179
US-NC,Vance,37181
US-NC,Wake,37183
US-NC,Warren,37185
US-NC,Washington,37187
US-NC,Watauga,37189
US-NC,Wayne,37191
US-NC,Wilkes,37193
US-NC,Wilson,37195
US-NC,Yadkin,37197
US-NC,Yancey,37199
US-ND,Adams,38001
US-ND,Barnes,38003
US-ND,Benson,38005
US-ND,Billings,38007
US-ND,Bottineau,38009
US-ND,Bowman,38011
US-ND,Burke,38013
US-ND,Burleigh,38015
US-ND,Cass,38017
US-ND,Cavalier,38019
US-ND,Dickey,38021
US-ND,Divide,38023
US-ND,Dunn,38025
US-ND,Eddy,38027
US-ND,Emmons,38029
US-ND,Foster,38031
US-ND,Golden Valley,38033
US-ND,Grand Forks,38035
US-ND,Grant,38037
US-ND,Griggs,38039
US-ND,Hettinger,38041
US-ND,Kidder,38043
US-ND,LaMoure,38045
US-ND,Logan,38047
US-ND,McHenry,38049
US-ND,McIntosh,38051
US-ND,McKenzie,38053
US-ND,McLean,38055
US-ND,Mercer,38057
US-ND,Morton,38059
US-ND,Mountrail,38061
US-ND,Nelson,38063
US-ND,Oliver,38065
US-ND,Pembina,38067
US-ND,Pierce,38069
US-ND,Ramsey,38071
US-ND,Ransom,38073
US-ND,Renville,38075
US-ND,Richland,38077
US-ND,Rolette,38079
US-ND,Sargent,38081
US-ND,Sheridan,38083
US-ND,Sioux,38085
US-ND,Slope,38087
US-ND,Stark,38089
US-ND,Steele,38091
US-ND,Stutsman,38093
US-ND,Towner,38095
US-ND,Traill,38097
US-ND,Walsh,38099
US-ND,Ward,38101
US-ND,Wells,38103
US-ND,Williams,38105
US-NE,Adams,31001
US-NE,Antelope,31003
US-NE,Arthur,31005
US-NE,Banner,31007
US-NE,Blaine,31009
US-NE,Boone,31011
US-NE,Box Butte,31013
US-NE,Boyd,31015
US-NE,Brown,31017
US-NE,Buffalo,31019
US-NE,Burt,31021
US-NE,Butler,31023
US-NE,Cass,31025
US-NE,Cedar,31027
US-NE,Chase,31029
US-NE,Cherry,31031
US-NE,Cheyenne,31033
US-NE,Clay,31035
US-NE,Colfax,31037
US-NE,Cuming,31039
US-NE,Custer,31041
US-NE,Dakota,31043
US-NE,Dawes,31045
US-NE,Dawson,31047
US-NE,Deuel,31049
US-NE,Dixon,31051
US-NE,Dodge,31053
US-NE,Douglas,31055
US-NE,Dundy,31057
US-NE,Fillmore,31059
US-NE,Franklin,31061
US-NE,Frontier,31063
US-NE,Furnas,31065
US-NE,Gage,31067
US-NE,Garden,31069
US-NE,Garfield,31071
US-NE,Gosper,31073
US-NE,Grant,31075
US-NE,Greeley,31077
US-NE,Hall,31079
US-NE,Hamilton,31081
US-NE,Harlan,31083
US-NE,Hayes,31085
US-NE,Hitchcock,31087
US-NE,Holt,31089
US-NE,Hooker,31091
US-NE,Howard,31093
US-NE,Jefferson,31095
US-NE,Johnson,31097
US-NE,Kearney,31099
US-NE,Keith,31101
US-NE,Keya Paha,31103
US-NE,Kimball,31105
US-NE,Knox,31107
US-NE,Lancaster,31109
US-NE,Lincoln,31111
US-NE,Logan,31113
US-NE,Loup,31115
US-NE,Madison,31119
US-NE,McPherson,31117
US-NE,Merrick,31121
US-NE,Morrill,31123
US-NE,Nance,31125
US-NE,Nemaha,31127
US-NE,Nuckolls,31129
US-NE,Otoe,31131
US-NE,Pawnee,31133
US-NE,Perkins,31135
US-NE,Phelps,31137
US-NE,Pierce,31139
US-NE,Platte,31141
US-NE,Polk,31143
US-NE,Red Willow,31145
US-NE,Richardson,31147
US-NE,Rock,31149
US-NE,Saline,31151
US-NE,Sarpy,31153
US-NE,Saunders,31155
US-NE,Scotts Bluff,31157
US-NE,Seward,31159
US-NE,Sheridan,31161
US-NE,Sherman,31163
US-NE,Sioux,31165
US-NE,Stanton,31167
US-NE,Thayer,31169
US-NE,Thomas,31171
US-NE,Thurston,31173
US-NE,Valley,31175
US-NE,Washington,31177
US-NE,Wayne,31179
US-NE,Webster,31181
US-NE,Wheeler,31183
US-NE,York,31185
US-NH,Belknap,33001
US-NH,Carroll,33003
US-NH,Cheshire,33005
US-NH,Coos,33007
US-NH,Grafton,33009
US-NH,Hillsborough,33011
US-NH,Merrimack,33013
US-NH,Rockingham,33015
US-NH,Strafford,33017
US-NH,Sullivan,33019
US-NJ,Atlantic,34001
US-NJ,Bergen,34003
US-NJ,Burlington,34005
US-NJ,Camden,34007
US-NJ,Cape May,34009
US-NJ,Cumberland,34011
US-NJ,Essex,34013
US-NJ,Gloucester,34015
US-NJ,Hudson,34017
US-NJ,Hunterdon,34019
US-NJ,Mercer,34021
US-NJ,Middlesex,34023
US-NJ,Monmouth,34025
US-NJ,Morris,34027
US-NJ,Ocean,34029
US-NJ,Passaic,34031
US-NJ,Salem,34033
US-NJ,Somerset,34035
US-NJ,Sussex,34037
US-NJ,Union,34039
US-NJ,Warren,34041
US-NM,Bernalillo,35001
US-NM,Catron,35003
US-NM,Chaves,35005
US-NM,Cibola,35006
US-NM,Colfax,35007
US-NM,Curry,35009
US-NM,De Baca,35011
US-NM,Doña Ana,35013
US-NM,Eddy,35015
US-NM,Grant,35017
US-NM,Guadalupe,35019
US-NM,Harding,35021
US-NM,Hidalgo,35023
US-NM,Lea,35025
US-NM,Lincoln,35027
US-NM,Los Alamos,35028
US-NM,Luna,35029
US-NM,McKinley,35031
US-NM,Mora,35033
US-NM,Otero,35035
US-NM,Quay,35037
US-NM,Rio Arriba,35039
US-NM,Roosevelt,35041
US-NM,San Juan,35045
US-NM,San Miguel,35047
US-NM,Sandoval,35043
US-NM,Santa Fe,35049
US-NM,Sierra,35051
US-NM,Socorro,35053
US-NM,Taos,35055
US-NM,Torrance,35057
US-NM,Union,35059
US-NM,Valencia,35061
US-NV,Carson City,32510
US-NV,Churchill,32001
US-NV,Clark,32003
US-NV,Douglas,32005
US-NV,Elko,32007
US-NV,Esmeralda,32009
US-NV,Eureka,32011
US-NV,Humboldt,32013
US-NV,Lander,32015
US-NV,Lincoln,32017
US-NV,Lyon,32019
US-NV,Mineral,32021
US-NV,Nye,32023
US-NV,Pershing,32027
US-NV,Storey,32029
US-NV,Washoe,32031
US-NV,White Pine,32033
US-NY,Albany,36001
US-NY,Allegany,36003
US-NY,Bronx,36005
US-NY,Broome,36007
US-NY,Cattaraugus,36009
US-NY,Cayuga,36011
US-NY,Chautauqua,36013
US-NY,Chemung,36015
US-NY,Chenango,36017
US-NY,Clinton,36019
US-NY,Columbia,36021
US-NY,Cortland,36023
US-NY,Delaware,36025
US-NY,Dutchess,36027
US-NY,Erie,36029
US-NY,Essex,36031
US-NY,Franklin,36033
US-NY,Fulton,36035
US-NY,Genesee,36037
US-NY,Greene,36039
US-NY,Hamilton,36041
US-NY,Herkimer,36043
US-NY,Jefferson,36045
US-NY,Kings,36047
US-NY,Lewis,36049
US-NY,Livingston,36051
US-NY,Madison,36053
US-NY,Monroe,36055
US-NY,Montgomery,36057
US-NY,Nassau,36059
US-NY,New York,36061
US-NY,Niagara,36063
US-NY,Oneida,36065
US-NY,Onondaga,36067
US-NY,Ontario,36069
US-NY,Orange,36071
US-NY,Orleans,36073
US-NY,Oswego,36075
US-NY,Otsego,36077
US-NY,Putnam,36079
US-NY,Queens,36081
US-NY,Rensselaer,36083
US-NY,Richmond,36085
US-NY,Rockland,36087
US-NY,Saratoga,36091
US-NY,Schenectady,36093
US-NY,Schoharie,36095
US-NY,Schuyler,36097
US-NY,Seneca,36099
US-NY,St. Lawrence,36089
US-NY,Steuben,36101
US-NY,Suffolk,36103
US-NY,Sullivan,36105
US-NY,Tioga,36107
US-NY,Tompkins,36109
US-NY,Ulster,36111
US-NY,Warren,36113
US-NY,Washington,36115
US-NY,Wayne,36117
US-NY,Westchester,36119
US-NY,Wyoming,36121
US-NY,Yates,36123
US-OH,Adams,39001
US-OH,Allen,39003
US-OH,Ashland,39005
US-OH,Ashtabula,39007
US-OH,Athens,39009
US-OH,Auglaize,39011
US-OH,Belmont,39013
US-OH,Brown,39015
US-OH,Butler,39017
US-OH,Carroll,39019
US-OH,Champaign,39021
US-OH,Clark,39023
US-OH,Clermont,39025
US-OH,Clinton,39027
US-OH,Columbiana,39029
US-OH,Coshocton,39031
US-OH,Crawford,39033
US-OH,Cuyahoga,39035
US-OH,Darke,39037
US-OH,Defiance,39039
US-OH,Delaware,39041
US-OH,Erie,39043
US-OH,Fairfield,39045
US-OH,Fayette,39047
US-OH,Franklin,39049
US-OH,Fulton,39051
US-OH,Gallia,39053
US-OH,Geauga,39055
US-OH,Greene,39057
US-OH,Guernsey,39059
US-OH,Hamilton,39061
US-OH,Hancock,39063
US-OH,Hardin,39065
US-OH,Harrison,39067
US-OH,Henry,39069
US-OH,Highland,39071
US-OH,Hocking,39073
US-OH,Holmes,39075
US-OH,Huron,39077
US-OH,Jackson,39079
US-OH,Jefferson,39081
US-OH,Knox,39083
US-OH,Lake,39085
US-OH,Lawrence,39087
US-OH,Licking,39089
US-OH,Logan,39091
US-OH,Lorain,39093
US-OH,Lucas,39095
US-OH,Madison,39097
US-OH,Mahoning,39099
US-OH,Marion,39101
US-OH,Medina,39103
US-OH,Meigs,39105
US-OH,Mercer,39107
US-OH,Miami,39109
US-OH,Monroe,39111
US-OH,Montgomery,39113
US-OH,Morgan,39115
US-OH,Morrow,39117
US-OH,Muskingum,39119
US-OH,Noble,39121
US-OH,Ottawa,39123
US-OH,Paulding,39125
US-OH,Perry,39127
US-OH,Pickaway,39129
US-OH,Pike,39131
US-OH,Portage,39133
US-OH,Preble,39135
US-OH,Putnam,39137
US-OH,Richland,39139
US-OH,Ross,39141
US-OH,Sandusky,39143
US-OH,Scioto,39145
US-OH,Seneca,39147
US-OH,Shelby,39149
US-OH,Stark,39151
US-OH,Summit,39153
US-OH,Trumbull,39155
US-OH,Tuscarawas,39157
US-OH,Union,39159
US-OH,Van Wert,39161
US-OH,Vinton,39163
US-OH,Warren,39165
US-OH,Washington,39167
US-OH,Wayne,39169
US-OH,Williams,39171
US-OH,Wood,39173
US-OH,Wyandot,39175
US-OK,Adair,40001
US-OK,Alfalfa,40003
US-OK,Atoka,40005
US-OK,Beaver,40007
US-OK,Beckham,40009
US-OK,Blaine,40011
US-OK,Bryan,40013
US-OK,Caddo,40015
US-OK,Canadian,40017
US-OK,Carter,40019
US-OK,Cherokee,40021
US-OK,Choctaw,40023
US-OK,Cimarron,40025
US-OK,Cleveland,40027
US-OK,Coal,40029
US-OK,Comanche,40031
US-OK,Cotton,40033
US-OK,Craig,40035
US-OK,Creek,40037
US-OK,Custer,40039
US-OK,Delaware,40041
US-OK,Dewey,40043
US-OK,Ellis,40045
US-OK,Garfield,40047
US-OK,Garvin,40049
US-OK,Grady,40051
US-OK,Grant,40053
US-OK,Greer,40055
US-OK,Harmon,40057
US-OK,Harper,40059
US-OK,Haskell,40061
US-OK,Hughes,40063
US-OK,Jackson,40065
US-OK,Jefferson,40067
US-OK,Johnston,40069
US-OK,Kay,40071
US-OK,Kingfisher,40073
US-OK,Kiowa,40075
US-OK,Latimer,40077
US-OK,Le Flore,40079
US-OK,Lincoln,40081
US-OK,Logan,40083
US-OK,Love,40085
US-OK,Major,40093
US-OK,Marshall,40095
US-OK,Mayes,40097
US-OK,McClain,40087
US-OK,McCurtain,40089
US-OK,McIntosh,40091
US-OK,Murray,40099
US-OK,Muskogee,40101
US-OK,Noble,40103
US-OK,Nowata,40105
US-OK,Okfuskee,40107
US-OK,Oklahoma,40109
US-OK,Okmulgee,40111
US-OK,Osage,40113
US-OK,Ottawa,40115
US-OK,Pawnee,40117
US-OK,Payne,40119
US-OK,Pittsburg,40121
US-OK,Pontotoc,40123
US-OK,Pottawatomie,40125
US-OK,Pushmataha,40127
US-OK,Roger Mills,40129
US-OK,Rogers,40131
US-OK,Seminole,40133
US-OK,Sequoyah,40135
US-OK,Stephens,40137
US-OK,Texas,40139
US-OK,Tillman,40141
US-OK,Tulsa,40143
US-OK,Wagoner,40145
US-OK,Washington,40147
US-OK,Washita,40149
US-OK,Woods,40151
US-OK,Woodward,40153
US-OR,Baker,41001
US-OR,Benton,41003
US-OR,Clackamas,41005
US-OR,Clatsop,41007
US-OR,Columbia,41009
US-OR,Coos,41011
US-OR,Crook,41013
US-OR,Curry,41015
US-OR,Deschutes,41017
US-OR,Douglas,41019
US-OR,Gilliam,41021
US-OR,Grant,41023
US-OR,Harney,41025
US-OR,Hood River,41027
US-OR,Jackson,41029
US-OR,Jefferson,41031
US-OR,Josephine,41033
US-OR,Klamath,41035
US-OR,Lake,41037
US-OR,Lane,41039
US-OR,Lincoln,41041
US-OR,Linn,41043
US-OR,Malheur,41045
US-OR,Marion,41047
US-OR,Morrow,41049
US-OR,Multnomah,41051
US-OR,Polk,41053
US-OR,Sherman,41055
US-OR,Tillamook,41057
US-OR,Umatilla,41059
US-OR,Union,41061
US-OR,Wallowa,41063
US-OR,Wasco,41065
US-OR,Washington,41067
US-OR,Wheeler,41069
US-OR,Yamhill,41071
US-PA,Adams,42001
US-PA,Allegheny,42003
US-PA,Armstrong,42005
US-PA,Beaver,42007
US-PA,Bedford,42009
US-PA,Berks,42011
US-PA,Blair,42013
US-PA,Bradford,42015
US-PA,Bucks,42017
US-PA,Butler,42019
US-PA,Cambria,42021
US-PA,Cameron,42023
US-PA,Carbon,42025
US-PA,Centre,42027
US-PA,Chester,42029
US-PA,Clarion,42031
US-PA,Clearfield,42033
US-PA,Clinton,42035
US-PA,Columbia,42037
US-PA,Crawford,42039
US-PA,Cumberland,42041
US-PA,Dauphin,42043
US-PA,Delaware,42045
US-PA,Elk,42047
US-PA,Erie,42049
US-PA,Fayette,42051
US-PA,Forest,42053
US-PA,Franklin,42055
US-PA,Fulton,42057
US-PA,Greene,42059
US-PA,Huntingdon,42061
US-PA,Indiana,42063
US-PA,Jefferson,42065
US-PA,Juniata,42067
US-PA,Lackawanna,42069
US-PA,Lancaster,42071
US-PA,Lawrence,42073
US-PA,Lebanon,42075
US-PA,Lehigh,42077
US-PA,Luzerne,42079
US-PA,Lycoming,42081
US-PA,McKean,42083
US-PA,Mercer,42085
US-PA,Mifflin,42087
US-PA,Monroe,42089
US-PA,Montgomery,42091
US-PA,Montour,42093
US-PA,Northampton,42095
US-PA,Northumberland,42097
US-PA,Perry,42099
US-PA,Philadelphia,42101
US-PA,Pike,42103
US-PA,Potter,42105
US-PA,Schuylkill,42107
US-PA,Snyder,42109
US-PA,Somerset,42111
US-PA,Sullivan,42113
US-PA,Susquehanna,42115
US-PA,Tioga,42117
US-PA,Union,42119
US-PA,Venango,42121
US-PA,Warren,42123
US-PA,Washington,42125
US-PA,Wayne,42127
US-PA,Westmoreland,42129
US-PA,Wyoming,42131
US-PA,York,42133
US-RI,Bristol,44001
US-RI,Kent,44003
US-RI,Newport,44005
US-RI,Providence,44007
US-RI,Washington,44009
US-SC,Abbeville,45001
US-SC,Aiken,45003
US-SC,Allendale,45005
US-SC,Anderson,45007
US-SC,Bamberg,45009
US-SC,Barnwell,45011
US-SC,Beaufort,45013
US-SC,Berkeley,45015
US-SC,Calhoun,45017
US-SC,Charleston,45019
US-SC,Cherokee,45021
US-SC,Chester,45023
US-SC,Chesterfield,45025
US-SC,Clarendon,45027
US-SC,Colleton,45029
US-SC,Darlington,45031
US-SC,Dillon,45033
US-SC,Dorchester,45035
US-SC,Edgefield,45037
US-SC,Fairfield,45039
US-SC,Florence,45041
US-SC,Georgetown,45043
US-SC,Greenville,45045
US-SC,Greenwood,45047
US-SC,Hampton,45049
US-SC,Horry,45051
US-SC,Jasper,45053
US-SC,Kershaw,45055
US-SC,Lancaster,45057
US-SC,Laurens,45059
US-SC,Lee,45061
US-SC,Lexington,45063
US-SC,Marion,45067
US-SC,Marlboro,45069
US-SC,McCormick,45065
US-SC,Newberry,45071
US-SC,Oconee,45073
US-SC,Orangeburg,45075
US-SC,Pickens,45077
US-SC,Richland,45079
US-SC,Saluda,45081
US-SC,Spartanburg,45083
US-SC,Sumter,45085
US-SC,Union,45087
US-SC,Williamsburg,45089
US-SC,York,45091
US-SD,Aurora,46003
US-SD,Beadle,46005
US-SD,Bennett,46007
US-SD,Bon Homme,46009
US-SD,Brookings,46011
US-SD,Brown,46013
US-SD,Brule,46015
US-SD,Buffalo,46017
US-SD,Butte,46019
US-SD,Campbell,46021
US-SD,Charles Mix,46023
US-SD,Clark,46025
US-SD,Clay,46027
US-SD,Codington,46029
US-SD,Corson,46031
US-SD,Custer,46033
US-SD,Davison,46035
US-SD,Day,46037
US-SD,Deuel,46039
US-SD,Dewey,46041
US-SD,Douglas,46043
US-SD,Edmunds,46045
US-SD,Fall River,46047
US-SD,Faulk,46049
US-SD,Grant,46051
US-SD,Gregory,46053
US-SD,Haakon,46055
US-SD,Hamlin,46057
US-SD,Hand,46059
US-SD,Hanson,46061
US-SD,Harding,46063
US-SD,Hughes,46065
US-SD,Hutchinson,46067
US-SD,Hyde,46069
US-SD,Jackson,46071
US-SD,Jerauld,46073
US-SD,Jones,46075
US-SD,Kingsbury,46077
US-SD,Lake,46079
US-SD,Lawrence,46081
US-SD,Lincoln,46083
US-SD,Lyman,46085
US-SD,Marshall,46091
US-SD,McCook,46087
US-SD,McPherson,46089
US-SD,Meade,46093
US-SD,Mellette,46095
US-SD,Miner,46097
US-SD,Minnehaha,46099
US-SD,Moody,46101
US-SD,Oglala Lakota,46102
US-SD,Pennington,46103
US-SD,Perkins,46105
US-SD,Potter,46107
US-SD,Roberts,46109
US-SD,Sanborn,46111
US-SD,Spink,46115
US-SD,Stanley,46117
US-SD,Sully,46119
US-SD,Todd,46121
US-SD,Tripp,46123
US-SD,Turner,46125
US-SD,Union,46127
US-SD,Walworth,46129
US-SD,Yankton,46135
US-SD,Ziebach,46137
US-TN,Anderson,47001
US-TN,Bedford,47003
US-TN,Benton,47005
US-TN,Bledsoe,47007
US-TN,Blount,47009
US-TN,Bradley,47011
US-TN,Campbell,47013
US-TN,Cannon,47015
US-TN,Carroll,47017
US-TN,Carter,47019
US-TN,Cheatham,47021
US-TN,Chester,47023
US-TN,Claiborne,47025
US-TN,Clay,47027
US-TN,Cocke,47029
US-TN,Coffee,47031
US-TN,Crockett,47033
US-TN,Cumberland,47035
US-TN,Davidson,47037
US-TN,Decatur,47039
US-TN,DeKalb,47041
US-TN,Dickson,47043
US-TN,Dyer,47045
US-TN,Fayette,47047
US-TN,Fentress,47049
US-TN,Franklin,47051
US-TN,Gibson,47053
US-TN,Giles,47055
US-TN,Grainger,47057
US-TN,Greene,47059
US-TN,Grundy,47061
US-TN,Hamblen,47063
US-TN,Hamilton,47065
US-TN,Hancock,47067
US-TN,Hardeman,47069
US-TN,Hardin,47071
US-TN,Hawkins,47073
US-TN,Haywood,47075
US-TN,Henderson,47077
US-TN,Henry,47079
US-TN,Hickman,47081
US-TN,Houston,47083
US-TN,Humphreys,47085
US-TN,Jackson,47087
US-TN,Jefferson,47089
US-TN,Johnson,47091
US-TN,Knox,47093
US-TN,Lake,47095
US-TN,Lauderdale,47097
US-TN,Lawrence,47099
US-TN,Lewis,47101
US-TN,Lincoln,47103
US-TN,Loudon,47105
US-TN,Macon,47111
US-TN,Madison,47113
US-TN,Marion,47115
US-TN,Marshall,47117
US-TN,Maury,47119
US-TN,McMinn,47107
US-TN,McNairy,47109
US-TN,Meigs,47121
US-TN,Monroe,47123
US-TN,Montgomery,47125
US-TN,Moore,47127
US-TN,Morgan,47129
US-TN,Obion,47131
US-TN,Overton,47133
US-TN,Perry,47135
US-TN,Pickett,47137
US-TN,Polk,47139
US-TN,Putnam,47141
US-TN,Rhea,47143
US-TN,Roane,47145
US-TN,Robertson,47147
US-TN,Rutherford,47149
US-TN,Scott,47151
US-TN,Sequatchie,47153
US-TN,Sevier,47155
US-TN,Shelby,47157
US-TN,Smith,47159
US-TN,Stewart,47161
US-TN,Sullivan,47163
US-TN,Sumner,47165
US-TN,Tipton,47167
US-TN,Trousdale,47169
US-TN,Unicoi,47171
US-TN,Union,47173
US-TN,Van Buren,47175
US-TN,Warren,47177
US-TN,Washington,47179
US-TN,Wayne,47181
US-TN,Weakley,47183
US-TN,White,47185
US-TN,Williamson,47187
US-TN,Wilson,47189
US-TX,Anderson,48001
US-TX,Andrews,48003
US-TX,Angelina,48005
US-TX,Aransas,48007
US-TX,Archer,48009
US-TX,Armstrong,48011
US-TX,Atascosa,48013
US-TX,Austin,48015
US-TX,Bailey,48017
US-TX,Bandera,48019
US-TX,Bastrop,48021
US-TX,Baylor,48023
US-TX,Bee,48025
US-TX,Bell,48027
US-TX,Bexar,48029
US-TX,Blanco,48031
US-TX,Borden,48033
US-TX,Bosque,48035
US-TX,Bowie,48037
US-TX,Brazoria,48039
US-TX,Brazos,48041
US-TX,Brewster,48043
US-TX,Briscoe,48045
US-TX,Brooks,48047
US-TX,Brown,48049
US-TX,Burleson,48051
US-TX,Burnet,48053
US-TX,Caldwell,48055
US-TX,Calhoun,48057
US-TX,Callahan,48059
US-TX,Cameron,48061
US-TX,Camp,48063
US-TX,Carson,48065
US-TX,Cass,48067
US-TX,Castro,48069
US-TX,Chambers,48071
US-TX,Cherokee,48073
US-TX,Childress,48075
US-TX,Clay,48077
US-TX,Cochran,48079
US-TX,Coke,48081
US-TX,Coleman,48083
US-TX,Collin,48085
US-TX,Collingsworth,48087
US-TX,Colorado,48089
US-TX,Comal,48091
US-TX,Comanche,48093
US-TX,Concho,48095
US-TX,Cooke,48097
US-TX,Coryell,48099
US-TX,Cottle,48101
US-TX,Crane,48103
US-TX,Crockett,48105
US-TX,Crosby,48107
US-TX,Culberson,48109
US-TX,Dallam,48111
US-TX,Dallas,48113
US-TX,Dawson,48115
US-TX,Deaf Smith,48117
US-TX,Delta,48119
US-TX,Denton,48121
US-TX,DeWitt,48123
US-TX,Dickens,48125
US-TX,Dimmit,48127
US-TX,Donley,48129
US-TX,Duval,48131
US-TX,Eastland,48133
US-TX,Ector,48135
US-TX,Edwards,48137
US-TX,El Paso,48141
US-TX,Ellis,48139
US-TX,Erath,48143
US-TX,Falls,48145
US-TX,Fannin,48147
US-TX,Fayette,48149
US-TX,Fisher,48151
US-TX,Floyd,48153
US-TX,Foard,48155
US-TX,Fort Bend,48157
US-TX,Franklin,48159
US-TX,Freestone,48161
US-TX,Frio,48163
US-TX,Gaines,48165
US-TX,Galveston,48167
US-TX,Garza,48169
US-TX,Gillespie,48171
US-TX,Glasscock,48173
US-TX,Goliad,48175
US-TX,Gonzales,48177
US-TX,Gray,48179
US-TX,Grayson,48181
US-TX,Gregg,48183
US-TX,Grimes,48185
US-TX,Guadalupe,48187
US-TX,Hale,48189
US-TX,Hall,48191
US-TX,Hamilton,48193
US-TX,Hansford,48195
US-TX,Hardeman,48197
US-TX,Hardin,48199
US-TX,Harris,48201
US-TX,Harrison,48203
US-TX,Hartley,48205
US-TX,Haskell,48207
US-TX,Hays,48209
US-TX,Hemphill,48211
US-TX,Henderson,48213
US-TX,Hidalgo,48215
US-TX,Hill,48217
US-TX,Hockley,48219
US-TX,Hood,48221
US-TX,Hopkins,48223
US-TX,Houston,48225
US-TX,Howard,48227
US-TX,Hudspeth,48229
US-TX,Hunt,48231
US-TX,Hutchinson,48233
US-TX,Irion,48235
US-TX,Jack,48237
US-TX,Jackson,48239
US-TX,Jasper,48241
US-TX,Jeff Davis,48243
US-TX,Jefferson,48245
US-TX,Jim Hogg,48247
US-TX,Jim Wells,48249
US-TX,Johnson,48251
US-TX,Jones,48253
US-TX,Karnes,48255
US-TX,Kaufman,48257
US-TX,Kendall,48259
US-TX,Kenedy,48261
US-TX,Kent,48263
US-TX,Kerr,48265
US-TX,Kimble,48267
US-TX,King,48269
US-TX,Kinney,48271
US-TX,Kleberg,48273
US-TX,Knox,48275
US-TX,La Salle,48283
US-TX,Lamar,48277
US-TX,Lamb,48279
US-TX,Lampasas,48281
US-TX,Lavaca,48285
US-TX,Lee,48287
US-TX,Leon,48289
US-TX,Liberty,48291
US-TX,Limestone,48293
US-TX,Lipscomb,48295
US-TX,Live Oak,48297
US-TX,Llano,48299
US-TX,Loving,48301
US-TX,Lubbock,48303
US-TX,Lynn,48305
US-TX,Madison,48313
US-TX,Marion,48315
US-TX,Martin,48317
US-TX,Mason,48319
US-TX,Matagorda,48321
US-TX,Maverick,48323
US-TX,McCulloch,48307
US-TX,McLennan,48309
US-TX,McMullen,48311
US-TX,Medina,48325
US-TX,Menard,48327
US-TX,Midland,48329
US-TX,Milam,48331
US-TX,Mills,48333
US-TX,Mitchell,48335
US-TX,Montague,48337
US-TX,Montgomery,48339
US-TX,Moore,48341
US-TX,Morris,48343
US-TX,Motley,48345
US-TX,Nacogdoches,48347
US-TX,Navarro,48349
US-TX,Newton,48351
US-TX,Nolan,48353
US-TX,Nueces,48355
US-TX,Ochiltree,48357
US-TX,Oldham,48359
US-TX,Orange,48361
US-TX,Palo Pinto,48363
US-TX,Panola,48365
US-TX,Parker,48367
US-TX,Parmer,48369
US-TX,Pecos,48371
US-TX,Polk,48373
US-TX,Potter,48375
US-TX,Presidio,48377
US-TX,Rains,48379
US-TX,Randall,48381
US-TX,Reagan,48383
US-TX,Real,48385
US-TX,Red River,48387
US-TX,Reeves,48389
US-TX,Refugio,48391
US-TX,Roberts,48393
US-TX,Robertson,48395
US-TX,Rockwall,48397
US-TX,Runnels,48399
US-TX,Rusk,48401
US-TX,Sabine,48403
US-TX,San Augustine,48405
US-TX,San Jacinto,48407
US-TX,San Patricio,48409
US-TX,San Saba,48411
US-TX,Schleicher,48413
US-TX,Scurry,48415
US-TX,Shackelford,48417
US-TX,Shelby,48419
US-TX,Sherman,48421
US-TX,Smith,48423
US-TX,Somervell,48425
US-TX,Starr,48427
US-TX,Stephens,48429
US-TX,Sterling,48431
US-TX,Stonewall,48433
US-TX,Sutton,48435
US-TX,Swisher,48437
US-TX,Tarrant,48439
US-TX,Taylor,48441
US-TX,Terrell,48443
US-TX,Terry,48445
US-TX,Throckmorton,48447
US-TX,Titus,48449
US-TX,Tom Green,48451
US-TX,Travis,48453
US-TX,Trinity,48455
US-TX,Tyler,48457
US-TX,Upshur,48459
US-TX,Upton,48461
US-TX,Uvalde,48463
US-TX,Val Verde,48465
US-TX,Van Zandt,48467
US-TX,Victoria,48469
US-TX,Walker,48471
US-TX,Waller,48473
US-TX,Ward,48475
US-TX,Washington,48477
US-TX,Webb,48479
US-TX,Wharton,48481
US-TX,Wheeler,48483
US-TX,Wichita,48485
US-TX,Wilbarger,48487
US-TX,Willacy,48489
US-TX,Williamson,48491
US-TX,Wilson,48493
US-TX,Winkler,48495
US-TX,Wise,48497
US-TX,Wood,48499
US-TX,Yoakum,48501
US-TX,Young,48503
US-TX,Zapata,48505
US-TX,Zavala,48507
US-UT,Beaver,49001
US-UT,Box Elder,49003
US-UT,Cache,49005
US-UT,Carbon,49007
US-UT,Daggett,49009
US-UT,Davis,49011
US-UT,Duchesne,49013
US-UT,Emery,49015
US-UT,Garfield,49017
US-UT,Grand,49019
US-UT,Iron,49021
US-UT,Juab,49023
US-UT,Kane,49025
US-UT,Millard,49027
US-UT,Morgan,49029
US-UT,Piute,49031
US-UT,Rich,49033
US-UT,Salt Lake,49035
US-UT,San Juan,49037
US-UT,Sanpete,49039
US-UT,Sevier,49041
US-UT,Summit,49043
US-UT,Tooele,49045
US-UT,Uintah,49047
US-UT,Utah,49049
US-UT,Wasatch,49051
US-UT,Washington,49053
US-UT,Wayne,49055
US-UT,Weber,49057
US-VA,Accomack,51001
US-VA,Albemarle,51003
US-VA,Alexandria,51510
US-VA,Alleghany,51005
US-VA,Amelia,51007
US-VA,Amherst,51009
US-VA,Appomattox,51011
US-VA,Arlington,51013
US-VA,Augusta,51015
US-VA,Bath,51017
US-VA,Bedford,51019
US-VA,Bland,51021
US-VA,Botetourt,51023
US-VA,Bristol,51520
US-VA,Brunswick,51025
US-VA,Buchanan,51027
US-VA,Buckingham,51029
US-VA,Buena Vista,51530
US-VA,Campbell,51031
US-VA,Caroline,51033
US-VA,Carroll,51035
US-VA,Charles City,51036
US-VA,Charlotte,51037
US-VA,Charlottesville,51540
US-VA,Chesapeake,51550
US-VA,Chesterfield,51041
US-VA,Clarke,51043
US-VA,Colonial Heights,51570
US-VA,Covington,51580
US-VA,Craig,51045
US-VA,Culpeper,51047
US-VA,Cumberland,51049
US-VA,Danville,51590
US-VA,Dickenson,51051
US-VA,Dinwiddie,51053
US-VA,Emporia,51595
US-VA,Essex,51057
US-VA,Fairfax,51059
US-VA,Fairfax,51600
US-VA,Falls Church,51610
US-VA,Fauquier,51061
US-VA,Floyd,51063
US-VA,Fluvanna,51065
US-VA,Franklin,51067
US-VA,Franklin,51620
US-VA,Frederick,51069
US-VA,Fredericksburg,51630
US-VA,Galax,51640
US-VA,Giles,51071
US-VA,Gloucester,51073
US-VA,Goochland,51075
US-VA,Grayson,51077
US-VA,Greene,51079
US-VA,Greensville,51081
US-VA,Halifax,51083
US-VA,Hampton,51650
US-VA,Hanover,51085
US-VA,Harrisonburg,51660
US-VA,Henrico,51087
US-VA,Henry,51089
US-VA,Highland,51091
US-VA,Hopewell,51670
US-VA,Isle of Wight,51093
US-VA,James City,51095
US-VA,King and Queen,51097
US-VA,King George,51099
US-VA,King William,51101
US-VA,Lancaster,51103
US-VA,Lee,51105
US-VA,Lexington,51678
US-VA,Loudoun,51107
US-VA,Louisa,51109
US-VA,Lunenburg,51111
US-VA,Lynchburg,51680
US-VA,Madison,51113
US-VA,Manassas,51683
US-VA,Manassas Park,51685
US-VA,Martinsville,51690
US-VA,Mathews,51115
US-VA,Mecklenburg,51117
US-VA,Middlesex,51119
US-VA,Montgomery,51121
US-VA,Nelson,51125
US-VA,New Kent,51127
US-VA,Newport News,51700
US-VA,Norfolk,51710
US-VA,Northampton,51131
US-VA,Northumberland,51133
US-VA,Norton,51720
US-VA,Nottoway,51135
US-VA,Orange,51137
US-VA,Page,51139
US-VA,Patrick,51141
US-VA,Petersburg,51730
US-VA,Pittsylvania,51143
US-VA,Poquoson,51735
US-VA,Portsmouth,51740
US-VA,Powhatan,51145
US-VA,Prince Edward,51147
US-VA,Prince George,51149
US-VA,Prince William,51153
US-VA,Pulaski,51155
US-VA,Radford,51750
US-VA,Rappahannock,51157
US-VA,Richmond,51159
US-VA,Richmond,51760
US-VA,Roanoke,51161
US-VA,Roanoke,51770
US-VA,Rockbridge,51163
US-VA,Rockingham,51165
US-VA,Russell,51167
US-VA,Salem,51775
US-VA,Scott,51169
US-VA,Shenandoah,51171
US-VA,Smyth,51173
US-VA,Southampton,51175
US-VA,Spotsylvania,51177
US-VA,Stafford,51179
US-VA,Staunton,51790
US-VA,Suffolk,51800
US-VA,Surry,51181
US-VA,Sussex,51183
US-VA,Tazewell,51185
US-VA,Virginia Beach,51810
US-VA,Warren,51187
US-VA,Washington,51191
US-VA,Waynesboro,51820
US-VA,Westmoreland,51193
US-VA,Williamsburg,51830
US-VA,Winchester,51840
US-VA,Wise,51195
US-VA,Wythe,51197
US-VA,York,51199
US-VT,Addison,50001
US-VT,Bennington,50003
US-VT,Caledonia,50005
US-VT,Chittenden,50007
US-VT,Essex,50009
US-VT,Franklin,50011
US-VT,Grand Isle,50013
US-VT,Lamoille,50015
US-VT,Orange,50017
US-VT,Orleans,50019
US-VT,Rutland,50021
US-VT,Washington,50023
US-VT,Windham,50025
US-VT,Windsor,50027
US-WA,Adams,53001
US-WA,Asotin,53003
US-WA,Benton,53005
US-WA,Chelan,53007
US-WA,Clallam,53009
US-WA,Clark,53011
US-WA,Columbia,53013
US-WA,Cowlitz,53015
US-WA,Douglas,53017
US-WA,Ferry,53019
US-WA,Franklin,53021
US-WA,Garfield,53023
US-WA,Grant,53025
US-WA,Grays Harbor,53027
US-WA,Island,53029
US-WA,Jefferson,53031
US-WA,King,53033
US-WA,Kitsap,53035
US-WA,Kittitas,53037
US-WA,Klickitat,53039
US-WA,Lewis,53041
US-WA,Lincoln,53043
US-WA,Mason,53045
US-WA,Okanogan,53047
US-WA,Pacific,53049
US-WA,Pend Oreille,53051
US-WA,Pierce,53053
US-WA,San Juan,53055
US-WA,Skagit,53057
US-WA,Skamania,53059
US-WA,Snohomish,53061
US-WA,Spokane,53063
US-WA,Stevens,53065
US-WA,Thurston,53067
US-WA,Wahkiakum,53069
US-WA,Walla Walla,53071
US-WA,Whatcom,53073
US-WA,Whitman,53075
US-WA,Yakima,53077
US-WI,Adams,55001
US-WI,Ashland,55003
US-WI,Barron,55005
US-WI,Bayfield,55007
US-WI,Brown,55009
US-WI,Buffalo,55011
US-WI,Burnett,55013
US-WI,Calumet,55015
US-WI,Chippewa,55017
US-WI,Clark,55019
US-WI,Columbia,55021
US-WI,Crawford,55023
US-WI,Dane,55025
US-WI,Dodge,55027
US-WI,Door,55029
US-WI,Douglas,55031
US-WI,Dunn,55033
US-WI,Eau Claire,55035
US-WI,Florence,55037
US-WI,Fond du Lac,55039
US-WI,Forest,55041
US-WI,Grant,55043
US-WI,Green,55045
US-WI,Green Lake,55047
US-WI,Iowa,55049
US-WI,Iron,55051
US-WI,Jackson,55053
US-WI,Jefferson,55055
US-WI,Juneau,55057
US-WI,Kenosha,55059
US-WI,Kewaunee,55061
US-WI,La Crosse,55063
US-WI,Lafayette,55065
US-WI,Langlade,55067
US-WI,Lincoln,55069
US-WI,Manitowoc,55071
US-WI,Marathon,55073
US-WI,Marinette,55075
US-WI,Marquette,55077
US-WI,Menominee,55078
US-WI,Milwaukee,55079
US-WI,Monroe,55081
US-WI,Oconto,55083
US-WI,Oneida,55085
US-WI,Outagamie,55087
US-WI,Ozaukee,55089
US-WI,Pepin,55091
US-WI,Pierce,55093
US-WI,Polk,55095
US-WI,Portage,55097
US-WI,Price,55099
US-WI,Racine,55101
US-WI,Richland,55103
US-WI,Rock,55105
US-WI,Rusk,55107
US-WI,Sauk,55111
US-WI,Sawyer,55113
US-WI,Shawano,55115
US-WI,Sheboygan,55117
US-WI,St. Croix,55109
US-WI,Taylor,55119
US-WI,Trempealeau,55121
US-WI,Vernon,55123
US-WI,Vilas,55125
US-WI,Walworth,55127
US-WI,Washburn,55129
US-WI,Washington,55131
US-WI,Waukesha,55133
US-WI,Waupaca,55135
US-WI,Waushara,55137
US-WI,Winnebago,55139
US-WI,Wood,55141
US-WV,Barbour,54001
US-WV,Berkeley,54003
US-WV,Boone,54005
US-WV,Braxton,54007
US-WV,Brooke,54009
US-WV,Cabell,54011
US-WV,Calhoun,54013
US-WV,Clay,54015
US-WV,Doddridge,54017
US-WV,Fayette,54019
US-WV,Gilmer,54021
US-WV,Grant,54023
US-WV,Greenbrier,54025
US-WV,Hampshire,54027
US-WV,Hancock,54029
US-WV,Hardy,54031
US-WV,Harrison,54033
US-WV,Jackson,54035
US-WV,Jefferson,54037
US-WV,Kanawha,54039
US-WV,Lewis,54041
US-WV,Lincoln,54043
US-WV,Logan,54045
US-WV,Marion,54049
US-WV,Marshall,54051
US-WV,Mason,54053
US-WV,McDowell,54047
US-WV,Mercer,54055
US-WV,Mineral,54057
US-WV,Mingo,54059
US-WV,Monongalia,54061
US-WV,Monroe,54063
US-WV,Morgan,54065
US-WV,Nicholas,54067
US-WV,Ohio,54069
US-WV,Pendleton,54071
US-WV,Pleasants,54073
US-WV,Pocahontas,54075
US-WV,Preston,54077
US-WV,Putnam,54079
US-WV,Raleigh,54081
US-WV,Randolph,54083
US-WV,Ritchie,54085
US-WV,Roane,54087
US-WV,Summers,54089
US-WV,Taylor,54091
US-WV,Tucker,54093
US-WV,Tyler,54095
US-WV,Upshur,54097
US-WV,Wayne,54099
US-WV,Webster,54101
US-WV,Wetzel,54103
US-WV,Wirt,54105
US-WV,Wood,54107
US-WV,Wyoming,54109
US-WY,Albany,56001
US-WY,Big Horn,56003
US-WY,Campbell,56005
US-WY,Carbon,56007
US-WY,Converse,56009
US-WY,Crook,56011
US-WY,Fremont,56013
US-WY,Goshen,56015
US-WY,Hot Springs,56017
US-WY,Johnson,56019
US-WY,Laramie,56021
US-WY,Lincoln,56023
US-WY,Natrona,56025
US-WY,Niobrara,56027
US-WY,Park,56029
US-WY,Platte,56031
US-WY,Sheridan,56033
US-WY,Sublette,56035
US-WY,Sweetwater,56037
US-WY,Teton,56039
US-WY,Uinta,56041
US-WY,Washakie,56043
US-WY,Weston,56045
